sample_id,dataset,subject,label,pose_path,physio_path,seg_points,channels
urfall_adl-02,urfall,A02,0,data\features\pose\adl-02-cam0.npy,C:\Users\H\Desktop\算法模型\data\features\physio\urfall\adl-02.npy,317,4
urfall_adl-03,urfall,A03,0,data\features\pose\adl-03-cam0.npy,C:\Users\H\Desktop\算法模型\data\features\physio\urfall\adl-03.npy,287,4
urfall_adl-04,urfall,A04,0,data\features\pose\adl-04-cam0.npy,C:\Users\H\Desktop\算法模型\data\features\physio\urfall\adl-04.npy,242,4
urfall_adl-05,urfall,A05,0,data\features\pose\adl-05-cam0.npy,C:\Users\H\Desktop\算法模型\data\features\physio\urfall\adl-05.npy,311,4
urfall_adl-06,urfall,A06,0,data\features\pose\adl-06-cam0.npy,C:\Users\H\Desktop\算法模型\data\features\physio\urfall\adl-06.npy,380,4
urfall_adl-08,urfall,A08,0,data\features\pose\adl-08-cam0.npy,C:\Users\H\Desktop\算法模型\data\features\physio\urfall\adl-08.npy,285,4
urfall_adl-10,urfall,A10,0,data\features\pose\adl-10-cam0.npy,C:\Users\H\Desktop\算法模型\data\features\physio\urfall\adl-10.npy,471,4
urfall_adl-16,urfall,A16,0,data\features\pose\adl-16-cam0.npy,C:\Users\H\Desktop\算法模型\data\features\physio\urfall\adl-16.npy,285,4
urfall_adl-17,urfall,A17,0,data\features\pose\adl-17-cam0.npy,C:\Users\H\Desktop\算法模型\data\features\physio\urfall\adl-17.npy,266,4
urfall_adl-18,urfall,A18,0,data\features\pose\adl-18-cam0.npy,C:\Users\H\Desktop\算法模型\data\features\physio\urfall\adl-18.npy,383,4
urfall_adl-19,urfall,A19,0,data\features\pose\adl-19-cam0.npy,C:\Users\H\Desktop\算法模型\data\features\physio\urfall\adl-19.npy,390,4
urfall_adl-21,urfall,A21,0,data\features\pose\adl-21-cam0.npy,C:\Users\H\Desktop\算法模型\data\features\physio\urfall\adl-21.npy,328,4
urfall_adl-22,urfall,A22,0,data\features\pose\adl-22-cam0.npy,C:\Users\H\Desktop\算法模型\data\features\physio\urfall\adl-22.npy,280,4
urfall_adl-24,urfall,A24,0,data\features\pose\adl-24-cam0.npy,C:\Users\H\Desktop\算法模型\data\features\physio\urfall\adl-24.npy,142,4
urfall_adl-25,urfall,A25,0,data\features\pose\adl-25-cam0.npy,C:\Users\H\Desktop\算法模型\data\features\physio\urfall\adl-25.npy,107,4
urfall_adl-26,urfall,A26,0,data\features\pose\adl-26-cam0.npy,C:\Users\H\Desktop\算法模型\data\features\physio\urfall\adl-26.npy,287,4
urfall_adl-27,urfall,A27,0,data\features\pose\adl-27-cam0.npy,C:\Users\H\Desktop\算法模型\data\features\physio\urfall\adl-27.npy,351,4
urfall_adl-28,urfall,A28,0,data\features\pose\adl-28-cam0.npy,C:\Users\H\Desktop\算法模型\data\features\physio\urfall\adl-28.npy,111,4
urfall_adl-29,urfall,A29,0,data\features\pose\adl-29-cam0.npy,C:\Users\H\Desktop\算法模型\data\features\physio\urfall\adl-29.npy,369,4
urfall_adl-30,urfall,A30,0,data\features\pose\adl-30-cam0.npy,C:\Users\H\Desktop\算法模型\data\features\physio\urfall\adl-30.npy,492,4
urfall_adl-32,urfall,A32,0,data\features\pose\adl-32-cam0.npy,C:\Users\H\Desktop\算法模型\data\features\physio\urfall\adl-32.npy,343,4
urfall_adl-33,urfall,A33,0,data\features\pose\adl-33-cam0.npy,C:\Users\H\Desktop\算法模型\data\features\physio\urfall\adl-33.npy,345,4
urfall_adl-34,urfall,A34,0,data\features\pose\adl-34-cam0.npy,C:\Users\H\Desktop\算法模型\data\features\physio\urfall\adl-34.npy,314,4
urfall_adl-38,urfall,A38,0,data\features\pose\adl-38-cam0.npy,C:\Users\H\Desktop\算法模型\data\features\physio\urfall\adl-38.npy,1528,4
urfall_adl-40,urfall,A40,0,data\features\pose\adl-40-cam0.npy,C:\Users\H\Desktop\算法模型\data\features\physio\urfall\adl-40.npy,407,4
urfall_fall-01,urfall,F01,1,data\features\pose\fall-01-cam1.npy,C:\Users\H\Desktop\算法模型\data\features\physio\urfall\fall-01.npy,193,4
urfall_fall-03,urfall,F03,1,data\features\pose\fall-03-cam1.npy,C:\Users\H\Desktop\算法模型\data\features\physio\urfall\fall-03.npy,315,4
urfall_fall-05,urfall,F05,1,data\features\pose\fall-05-cam1.npy,C:\Users\H\Desktop\算法模型\data\features\physio\urfall\fall-05.npy,190,4
urfall_fall-09,urfall,F09,1,data\features\pose\fall-09-cam1.npy,C:\Users\H\Desktop\算法模型\data\features\physio\urfall\fall-09.npy,258,4
urfall_fall-11,urfall,F11,1,data\features\pose\fall-11-cam1.npy,C:\Users\H\Desktop\算法模型\data\features\physio\urfall\fall-11.npy,158,4
urfall_fall-12,urfall,F12,1,data\features\pose\fall-12-cam1.npy,C:\Users\H\Desktop\算法模型\data\features\physio\urfall\fall-12.npy,138,4
urfall_fall-15,urfall,F15,1,data\features\pose\fall-15-cam1.npy,C:\Users\H\Desktop\算法模型\data\features\physio\urfall\fall-15.npy,204,4
urfall_fall-16,urfall,F16,1,data\features\pose\fall-16-cam1.npy,C:\Users\H\Desktop\算法模型\data\features\physio\urfall\fall-16.npy,156,4
urfall_fall-18,urfall,F18,1,data\features\pose\fall-18-cam1.npy,C:\Users\H\Desktop\算法模型\data\features\physio\urfall\fall-18.npy,145,4
urfall_fall-20,urfall,F20,1,data\features\pose\fall-20-cam1.npy,C:\Users\H\Desktop\算法模型\data\features\physio\urfall\fall-20.npy,258,4
urfall_fall-21,urfall,F21,1,data\features\pose\fall-21-cam1.npy,C:\Users\H\Desktop\算法模型\data\features\physio\urfall\fall-21.npy,160,4
urfall_fall-22,urfall,F22,1,data\features\pose\fall-22-cam1.npy,C:\Users\H\Desktop\算法模型\data\features\physio\urfall\fall-22.npy,150,4
urfall_fall-23,urfall,F23,1,data\features\pose\fall-23-cam1.npy,C:\Users\H\Desktop\算法模型\data\features\physio\urfall\fall-23.npy,222,4
urfall_fall-24,urfall,F24,1,data\features\pose\fall-24-cam1.npy,C:\Users\H\Desktop\算法模型\data\features\physio\urfall\fall-24.npy,226,4
urfall_fall-25,urfall,F25,1,data\features\pose\fall-25-cam1.npy,C:\Users\H\Desktop\算法模型\data\features\physio\urfall\fall-25.npy,257,4
urfall_fall-28,urfall,F28,1,data\features\pose\fall-28-cam1.npy,C:\Users\H\Desktop\算法模型\data\features\physio\urfall\fall-28.npy,171,4
urfall_fall-30,urfall,F30,1,data\features\pose\fall-30-cam1.npy,C:\Users\H\Desktop\算法模型\data\features\physio\urfall\fall-30.npy,260,4
